{
  "additionalFiles": "",
  "builtInLibrariesFolders": "C:\\Users\\Prem Kumar S\\AppData\\Local\\Arduino15\\libraries",
  "builtInToolsFolders": "",
  "compiler.optimization_flags": "",
  "customBuildProperties": "build.warn_data_percentage=75",
  "fqbn": "arduino:avr:uno",
  "hardwareFolders": "C:\\Users\\Prem Kumar S\\AppData\\Local\\Arduino15\\packages",
  "otherLibrariesFolders": "C:\\Users\\Prem Kumar S\\Documents\\Arduino\\libraries",
  "sketchLocation": "E:\\JIPMER REPORT\\sketch_mar3a"
}